{
  "providers": [
    {
      "type": "bitmap",
      "file": "waiter_page_1.png",
      "ascent": 26,
      "height": 43,
      "chars": [
        "A",
        "B",
        "C",
        "D",
        "E",
        "F",
        "G",
        "H",
        "I",
        "J",
        "K",
        "L",
        "M",
        "N",
        "O",
        "P",
        "Q",
        "R",
        "S",
        "T",
        "U",
        "V",
        "W",
        "X",
        "Y",
        "Z",
        "\n",
        "\uac00",
        "\uac01",
        "\uac04",
        "\uac07",
        "\uac08",
        "\uac10",
        "\uac11",
        "\uac12",
        "\uac15",
        "\uac16",
        "\uac19",
        "\uac1a",
        "\uac1b",
        "\uac1c",
        "\uac1d",
        "\uac24",
        "\uac31",
        "\uac39",
        "\uac70",
        "\uac71",
        "\uac74",
        "\uac77",
        "\uac78",
        "\uac80",
        "\uac81",
        "\uac83",
        "\uac89",
        "\uac8c",
        "\uaca9",
        "\uacaa",
        "\uacac",
        "\uacaf",
        "\uacb0",
        "\uacb8",
        "\uacb9",
        "\uacbc",
        "\uacbd",
        "\uacc1",
        "\uacc4",
        "\uace0",
        "\uace1",
        "\uace4",
        "\uace7",
        "\uace8",
        "\uacf0",
        "\uacf1",
        "\uacf3",
        "\uacf5",
        "\uacf6",
        "\uacfc",
        "\uacfd",
        "\uad00",
        "\uad04",
        "\uad0c",
        "\uad11",
        "\uad18",
        "\uad34",
        "\uad35",
        "\uad38",
        "\uad3c",
        "\uad44",
        "\uad45",
        "\uad47",
        "\uad49",
        "\uad50",
        "\uad6c",
        "\uad6d",
        "\uad70",
        "\uad73",
        "\uad74",
        "\uad75",
        "\uad76",
        "\uad7b",
        "\uad7c",
        "\uad7d",
        "\uad7f",
        "\uad81",
        "\uad82",
        "\uad88",
        "\uad8c",
        "\uad90",
        "\uada4",
        "\uadc0",
        "\uadc4",
        "\uadc8",
        "\uadd0",
        "\uadd1",
        "\uadd3",
        "\uaddc",
        "\uade0",
        "\uade4",
        "\uadf8",
        "\uadf9",
        "\uadfc",
        "\uadff",
        "\uae00",
        "\uae01",
        "\uae08",
        "\uae09",
        "\uae0b",
        "\uae0d",
        "\uae14",
        "\uae30",
        "\uae31",
        "\uae34",
        "\uae37",
        "\uae38",
        "\uae40",
        "\uae41",
        "\uae43",
        "\uae45",
        "\uae4a",
        "\uae4c",
        "\uae4d",
        "\uae4e",
        "\uae50",
        "\uae54",
        "\uae5c",
        "\uae5d",
        "\uae61",
        "\uae65",
        "\uae68",
        "\uae84",
        "\uae85",
        "\uae8c",
        "\uaebc",
        "\uaebd",
        "\uaebe",
        "\uaec0",
        "\uaec4",
        "\uaecc",
        "\uaecd",
        "\uaecf",
        "\uaed1",
        "\uaed8",
        "\uaef4",
        "\uaf08",
        "\uaf0d",
        "\uaf10",
        "\uaf2c",
        "\uaf2d",
        "\uaf30",
        "\uaf32",
        "\uaf34",
        "\uaf3c",
        "\uaf3d",
        "\uaf3f",
        "\uaf41",
        "\uaf42",
        "\uaf43",
        "\uaf48",
        "\uaf49",
        "\uaf50",
        "\uaf5c",
        "\uaf5d",
        "\uaf64",
        "\uaf65",
        "\uaf79",
        "\uaf80",
        "\uaf84",
        "\uaf88",
        "\uaf90",
        "\uaf91",
        "\uaf95",
        "\uaf9c",
        "\uafb8",
        "\uafb9",
        "\uafbc",
        "\uafc0",
        "\uafc7",
        "\uafc8",
        "\uafc9",
        "\uafcb",
        "\uafcd",
        "\uafce",
        "\uafd4",
        "\uafdc",
        "\uafe8",
        "\uafe9",
        "\uaff0",
        "\ub098",
        "\ub099",
        "\ub09a",
        "\ub09c",
        "\ub09f",
        "\ub0a0",
        "\ub0a1",
        "\ub0a8",
        "\ub0a9",
        "\ub0ab",
        "\ub0ac",
        "\ub0ad",
        "\ub0ae",
        "\ub0af",
        "\ub0b1",
        "\ub0b3",
        "\ub0b4",
        "\ub0b5",
        "\ub0b8",
        "\ub0bc",
        "\ub0c4",
        "\ub0c5",
        "\ub0c7",
        "\ub0c8",
        "\ub0c9",
        "\ub0d0",
        "\ub0d1",
        "\ub0d4",
        "\ub0d8",
        "\ub0e0",
        "\ub0e5",
        "\ub108",
        "\ub109",
        "\ub10b",
        "\ub10c",
        "\ub110",
        "\ub113",
        "\ub118",
        "\ub119",
        "\ub11b",
        "\ub11c",
        "\ub11d",
        "\ub123",
        "\ub124",
        "\ub125",
        "\ub128",
        "\ub12c",
        "\ub134",
        "\ub135"
      ]
    },
    {
      "type": "bitmap",
      "file": "waiter_page_2.png",
      "ascent": 26,
      "height": 43,
      "chars": [
        "\ub137",
        "\ub140",
        "\ub141",
        "\ub144",
        "\ub150",
        "\ub151",
        "\ub154",
        "\ub155",
        "\ub158",
        "\ub15c",
        "\ub178",
        "\ub179",
        "\ub17c",
        "\ub180",
        "\ub188",
        "\ub189",
        "\ub18b",
        "\ub18d",
        "\ub192",
        "\ub193",
        "\ub194",
        "\ub1a8",
        "\ub1cc",
        "\ub1d0",
        "\ub1d4",
        "\ub1dc",
        "\ub1dd",
        "\ub1df",
        "\ub1e8",
        "\ub204",
        "\ub205",
        "\ub208",
        "\ub20b",
        "\ub20c",
        "\ub214",
        "\ub215",
        "\ub217",
        "\ub219",
        "\ub220",
        "\ub234",
        "\ub258",
        "\ub25c",
        "\ub260",
        "\ub268",
        "\ub269",
        "\ub274",
        "\ub275",
        "\ub27c",
        "\ub284",
        "\ub285",
        "\ub289",
        "\ub290",
        "\ub291",
        "\ub294",
        "\ub298",
        "\ub299",
        "\ub29a",
        "\ub2a0",
        "\ub2a1",
        "\ub2a3",
        "\ub2a5",
        "\ub2a6",
        "\ub2aa",
        "\ub2ac",
        "\ub2c8",
        "\ub2c9",
        "\ub2cc",
        "\ub2d0",
        "\ub2d2",
        "\ub2d8",
        "\ub2d9",
        "\ub2db",
        "\ub2dd",
        "\ub2e4",
        "\ub2e5",
        "\ub2e6",
        "\ub2e8",
        "\ub2eb",
        "\ub2ec",
        "\ub2ed",
        "\ub2ee",
        "\ub2ef",
        "\ub2f3",
        "\ub2f4",
        "\ub2f5",
        "\ub2f7",
        "\ub2f9",
        "\ub2fb",
        "\ub2ff",
        "\ub300",
        "\ub301",
        "\ub304",
        "\ub308",
        "\ub310",
        "\ub311",
        "\ub313",
        "\ub314",
        "\ub315",
        "\ub354",
        "\ub355",
        "\ub358",
        "\ub35b",
        "\ub35c",
        "\ub35e",
        "\ub35f",
        "\ub364",
        "\ub365",
        "\ub367",
        "\ub369",
        "\ub36b",
        "\ub36e",
        "\ub370",
        "\ub371",
        "\ub374",
        "\ub378",
        "\ub380",
        "\ub381",
        "\ub383",
        "\ub384",
        "\ub385",
        "\ub38c",
        "\ub390",
        "\ub394",
        "\ub3a0",
        "\ub3a1",
        "\ub3a8",
        "\ub3ac",
        "\ub3c4",
        "\ub3c5",
        "\ub3c8",
        "\ub3cb",
        "\ub3cc",
        "\ub3ce",
        "\ub3d0",
        "\ub3d4",
        "\ub3d5",
        "\ub3d7",
        "\ub3d9",
        "\ub3db",
        "\ub3dd",
        "\ub3e0",
        "\ub3e4",
        "\ub3e8",
        "\ub3fc",
        "\ub410",
        "\ub418",
        "\ub41c",
        "\ub420",
        "\ub428",
        "\ub429",
        "\ub42b",
        "\ub434",
        "\ub450",
        "\ub451",
        "\ub454",
        "\ub458",
        "\ub460",
        "\ub461",
        "\ub463",
        "\ub465",
        "\ub46c",
        "\ub480",
        "\ub488",
        "\ub49d",
        "\ub4a4",
        "\ub4a8",
        "\ub4ac",
        "\ub4b5",
        "\ub4b7",
        "\ub4b9",
        "\ub4c0",
        "\ub4c4",
        "\ub4c8",
        "\ub4d0",
        "\ub4d5",
        "\ub4dc",
        "\ub4dd",
        "\ub4e0",
        "\ub4e3",
        "\ub4e4",
        "\ub4e6",
        "\ub4ec",
        "\ub4ed",
        "\ub4ef",
        "\ub4f1",
        "\ub4f8",
        "\ub514",
        "\ub515",
        "\ub518",
        "\ub51b",
        "\ub51c",
        "\ub524",
        "\ub525",
        "\ub527",
        "\ub528",
        "\ub529",
        "\ub52a",
        "\ub530",
        "\ub531",
        "\ub534",
        "\ub538",
        "\ub540",
        "\ub541",
        "\ub543",
        "\ub544",
        "\ub545",
        "\ub54b",
        "\ub54c",
        "\ub54d",
        "\ub550",
        "\ub554",
        "\ub55c",
        "\ub55d",
        "\ub55f",
        "\ub560",
        "\ub561",
        "\ub5a0",
        "\ub5a1",
        "\ub5a4",
        "\ub5a8",
        "\ub5aa",
        "\ub5ab",
        "\ub5b0",
        "\ub5b1",
        "\ub5b3",
        "\ub5b4",
        "\ub5b5",
        "\ub5bb",
        "\ub5bc",
        "\ub5bd",
        "\ub5c0",
        "\ub5c4",
        "\ub5cc",
        "\ub5cd",
        "\ub5cf",
        "\ub5d0",
        "\ub5d1",
        "\ub5d8",
        "\ub5ec",
        "\ub610",
        "\ub611",
        "\ub614",
        "\ub618",
        "\ub625",
        "\ub62c",
        "\ub634",
        "\ub648",
        "\ub664",
        "\ub668",
        "\ub69c",
        "\ub69d",
        "\ub6a0",
        "\ub6a4",
        "\ub6ab",
        "\ub6ac",
        "\ub6b1"
      ]
    },
    {
      "type": "bitmap",
      "file": "waiter_page_3.png",
      "ascent": 26,
      "height": 43,
      "chars": [
        "\ub6d4",
        "\ub6f0",
        "\ub6f4",
        "\ub6f8",
        "\ub700",
        "\ub701",
        "\ub705",
        "\ub728",
        "\ub729",
        "\ub72c",
        "\ub72f",
        "\ub730",
        "\ub738",
        "\ub739",
        "\ub73b",
        "\ub744",
        "\ub748",
        "\ub74c",
        "\ub754",
        "\ub755",
        "\ub760",
        "\ub764",
        "\ub768",
        "\ub770",
        "\ub771",
        "\ub773",
        "\ub775",
        "\ub77c",
        "\ub77d",
        "\ub780",
        "\ub784",
        "\ub78c",
        "\ub78d",
        "\ub78f",
        "\ub790",
        "\ub791",
        "\ub792",
        "\ub796",
        "\ub797",
        "\ub798",
        "\ub799",
        "\ub79c",
        "\ub7a0",
        "\ub7a8",
        "\ub7a9",
        "\ub7ab",
        "\ub7ac",
        "\ub7ad",
        "\ub7b4",
        "\ub7b5",
        "\ub7b8",
        "\ub7c7",
        "\ub7c9",
        "\ub7ec",
        "\ub7ed",
        "\ub7f0",
        "\ub7f4",
        "\ub7fc",
        "\ub7fd",
        "\ub7ff",
        "\ub800",
        "\ub801",
        "\ub807",
        "\ub808",
        "\ub809",
        "\ub80c",
        "\ub810",
        "\ub818",
        "\ub819",
        "\ub81b",
        "\ub81d",
        "\ub824",
        "\ub825",
        "\ub828",
        "\ub82c",
        "\ub834",
        "\ub835",
        "\ub837",
        "\ub838",
        "\ub839",
        "\ub840",
        "\ub844",
        "\ub851",
        "\ub853",
        "\ub85c",
        "\ub85d",
        "\ub860",
        "\ub864",
        "\ub86c",
        "\ub86d",
        "\ub86f",
        "\ub871",
        "\ub878",
        "\ub87c",
        "\ub88d",
        "\ub8a8",
        "\ub8b0",
        "\ub8b4",
        "\ub8b8",
        "\ub8c0",
        "\ub8c1",
        "\ub8c3",
        "\ub8c5",
        "\ub8cc",
        "\ub8d0",
        "\ub8d4",
        "\ub8dd",
        "\ub8df",
        "\ub8e1",
        "\ub8e8",
        "\ub8e9",
        "\ub8ec",
        "\ub8f0",
        "\ub8f8",
        "\ub8f9",
        "\ub8fb",
        "\ub8fd",
        "\ub904",
        "\ub918",
        "\ub920",
        "\ub93c",
        "\ub93d",
        "\ub940",
        "\ub944",
        "\ub94c",
        "\ub94f",
        "\ub951",
        "\ub958",
        "\ub959",
        "\ub95c",
        "\ub960",
        "\ub968",
        "\ub969",
        "\ub96b",
        "\ub96d",
        "\ub974",
        "\ub975",
        "\ub978",
        "\ub97c",
        "\ub984",
        "\ub985",
        "\ub987",
        "\ub989",
        "\ub98a",
        "\ub98d",
        "\ub98e",
        "\ub9ac",
        "\ub9ad",
        "\ub9b0",
        "\ub9b4",
        "\ub9bc",
        "\ub9bd",
        "\ub9bf",
        "\ub9c1",
        "\ub9c8",
        "\ub9c9",
        "\ub9cc",
        "\ub9ce",
        "\ub9cf",
        "\ub9d0",
        "\ub9d1",
        "\ub9d8",
        "\ub9d9",
        "\ub9db",
        "\ub9dd",
        "\ub9de",
        "\ub9e1",
        "\ub9e3",
        "\ub9e4",
        "\ub9e5",
        "\ub9e8",
        "\ub9ec",
        "\ub9f4",
        "\ub9f5",
        "\ub9f7",
        "\ub9f8",
        "\ub9f9",
        "\ub9fa",
        "\uba00",
        "\uba01",
        "\uba08",
        "\uba15",
        "\uba38",
        "\uba39",
        "\uba3c",
        "\uba40",
        "\uba42",
        "\uba48",
        "\uba49",
        "\uba4b",
        "\uba4d",
        "\uba4e",
        "\uba53",
        "\uba54",
        "\uba55",
        "\uba58",
        "\uba5c",
        "\uba64",
        "\uba65",
        "\uba67",
        "\uba68",
        "\uba69",
        "\uba70",
        "\uba71",
        "\uba74",
        "\uba78",
        "\uba83",
        "\uba84",
        "\uba85",
        "\uba87",
        "\uba8c",
        "\ubaa8",
        "\ubaa9",
        "\ubaab",
        "\ubaac",
        "\ubab0",
        "\ubab2",
        "\ubab8",
        "\ubab9",
        "\ubabb",
        "\ubabd",
        "\ubac4",
        "\ubac8",
        "\ubad8",
        "\ubad9",
        "\ubafc",
        "\ubb00",
        "\ubb04",
        "\ubb0d",
        "\ubb0f",
        "\ubb11",
        "\ubb18",
        "\ubb1c",
        "\ubb20",
        "\ubb29",
        "\ubb2b",
        "\ubb34",
        "\ubb35",
        "\ubb38",
        "\ubb3b",
        "\ubb3c",
        "\ubb3d",
        "\ubb3e",
        "\ubb44",
        "\ubb45",
        "\ubb47",
        "\ubb49",
        "\ubb4d",
        "\ubb4f",
        "\ubb50",
        "\ubb54",
        "\ubb58",
        "\ubb61",
        "\ubb63",
        "\ubb6c",
        "\ubb88"
      ]
    },
    {
      "type": "bitmap",
      "file": "waiter_page_4.png",
      "ascent": 26,
      "height": 43,
      "chars": [
        "\ubb8c",
        "\ubb90",
        "\ubba4",
        "\ubba8",
        "\ubbac",
        "\ubbb4",
        "\ubbb7",
        "\ubbc0",
        "\ubbc4",
        "\ubbc8",
        "\ubbd0",
        "\ubbd3",
        "\ubbf8",
        "\ubbf9",
        "\ubbfc",
        "\ubbff",
        "\ubc00",
        "\ubc02",
        "\ubc08",
        "\ubc09",
        "\ubc0b",
        "\ubc0c",
        "\ubc0d",
        "\ubc0f",
        "\ubc11",
        "\ubc14",
        "\ubc15",
        "\ubc16",
        "\ubc17",
        "\ubc18",
        "\ubc1b",
        "\ubc1c",
        "\ubc1d",
        "\ubc1e",
        "\ubc1f",
        "\ubc24",
        "\ubc25",
        "\ubc27",
        "\ubc29",
        "\ubc2d",
        "\ubc30",
        "\ubc31",
        "\ubc34",
        "\ubc38",
        "\ubc40",
        "\ubc41",
        "\ubc43",
        "\ubc44",
        "\ubc45",
        "\ubc49",
        "\ubc4c",
        "\ubc4d",
        "\ubc50",
        "\ubc5d",
        "\ubc84",
        "\ubc85",
        "\ubc88",
        "\ubc8b",
        "\ubc8c",
        "\ubc8e",
        "\ubc94",
        "\ubc95",
        "\ubc97",
        "\ubc99",
        "\ubc9a",
        "\ubca0",
        "\ubca1",
        "\ubca4",
        "\ubca7",
        "\ubca8",
        "\ubcb0",
        "\ubcb1",
        "\ubcb3",
        "\ubcb4",
        "\ubcb5",
        "\ubcbc",
        "\ubcbd",
        "\ubcc0",
        "\ubcc4",
        "\ubccd",
        "\ubccf",
        "\ubcd0",
        "\ubcd1",
        "\ubcd5",
        "\ubcd8",
        "\ubcdc",
        "\ubcf4",
        "\ubcf5",
        "\ubcf6",
        "\ubcf8",
        "\ubcfc",
        "\ubd04",
        "\ubd05",
        "\ubd07",
        "\ubd09",
        "\ubd10",
        "\ubd14",
        "\ubd24",
        "\ubd2c",
        "\ubd40",
        "\ubd48",
        "\ubd49",
        "\ubd4c",
        "\ubd50",
        "\ubd58",
        "\ubd59",
        "\ubd64",
        "\ubd68",
        "\ubd80",
        "\ubd81",
        "\ubd84",
        "\ubd87",
        "\ubd88",
        "\ubd89",
        "\ubd8a",
        "\ubd90",
        "\ubd91",
        "\ubd93",
        "\ubd95",
        "\ubd99",
        "\ubd9a",
        "\ubd9c",
        "\ubda4",
        "\ubdb0",
        "\ubdb8",
        "\ubdd4",
        "\ubdd5",
        "\ubdd8",
        "\ubddc",
        "\ubde9",
        "\ubdf0",
        "\ubdf4",
        "\ubdf8",
        "\ube00",
        "\ube03",
        "\ube05",
        "\ube0c",
        "\ube0d",
        "\ube10",
        "\ube14",
        "\ube1c",
        "\ube1d",
        "\ube1f",
        "\ube44",
        "\ube45",
        "\ube48",
        "\ube4c",
        "\ube4e",
        "\ube54",
        "\ube55",
        "\ube57",
        "\ube59",
        "\ube5a",
        "\ube5b",
        "\ube60",
        "\ube61",
        "\ube64",
        "\ube68",
        "\ube6a",
        "\ube70",
        "\ube71",
        "\ube73",
        "\ube74",
        "\ube75",
        "\ube7b",
        "\ube7c",
        "\ube7d",
        "\ube80",
        "\ube84",
        "\ube8c",
        "\ube8d",
        "\ube8f",
        "\ube90",
        "\ube91",
        "\ube98",
        "\ube99",
        "\ubea8",
        "\ubed0",
        "\ubed1",
        "\ubed4",
        "\ubed7",
        "\ubed8",
        "\ubee0",
        "\ubee3",
        "\ubee4",
        "\ubee5",
        "\ubeec",
        "\ubf01",
        "\ubf08",
        "\ubf09",
        "\ubf18",
        "\ubf19",
        "\ubf1b",
        "\ubf1c",
        "\ubf1d",
        "\ubf40",
        "\ubf41",
        "\ubf44",
        "\ubf48",
        "\ubf50",
        "\ubf51",
        "\ubf55",
        "\ubf94",
        "\ubfb0",
        "\ubfc5",
        "\ubfcc",
        "\ubfcd",
        "\ubfd0",
        "\ubfd4",
        "\ubfdc",
        "\ubfdf",
        "\ubfe1",
        "\uc03c",
        "\uc051",
        "\uc058",
        "\uc05c",
        "\uc060",
        "\uc068",
        "\uc069",
        "\uc090",
        "\uc091",
        "\uc094",
        "\uc098",
        "\uc0a0",
        "\uc0a1",
        "\uc0a3",
        "\uc0a5",
        "\uc0ac",
        "\uc0ad",
        "\uc0af",
        "\uc0b0",
        "\uc0b3",
        "\uc0b4",
        "\uc0b5",
        "\uc0b6",
        "\uc0bc",
        "\uc0bd",
        "\uc0bf",
        "\uc0c0",
        "\uc0c1",
        "\uc0c5",
        "\uc0c8",
        "\uc0c9",
        "\uc0cc",
        "\uc0d0",
        "\uc0d8",
        "\uc0d9",
        "\uc0db",
        "\uc0dc",
        "\uc0dd",
        "\uc0e4",
        "\uc0e5",
        "\uc0e8",
        "\uc0ec",
        "\uc0f4",
        "\uc0f5"
      ]
    },
    {
      "type": "bitmap",
      "file": "waiter_page_5.png",
      "ascent": 26,
      "height": 43,
      "chars": [
        "\uc0f7",
        "\uc0f9",
        "\uc100",
        "\uc104",
        "\uc108",
        "\uc110",
        "\uc115",
        "\uc11c",
        "\uc11d",
        "\uc11e",
        "\uc11f",
        "\uc120",
        "\uc123",
        "\uc124",
        "\uc126",
        "\uc127",
        "\uc12c",
        "\uc12d",
        "\uc12f",
        "\uc130",
        "\uc131",
        "\uc136",
        "\uc138",
        "\uc139",
        "\uc13c",
        "\uc140",
        "\uc148",
        "\uc149",
        "\uc14b",
        "\uc14c",
        "\uc14d",
        "\uc154",
        "\uc155",
        "\uc158",
        "\uc15c",
        "\uc164",
        "\uc165",
        "\uc167",
        "\uc168",
        "\uc169",
        "\uc170",
        "\uc174",
        "\uc178",
        "\uc185",
        "\uc18c",
        "\uc18d",
        "\uc18e",
        "\uc190",
        "\uc194",
        "\uc196",
        "\uc19c",
        "\uc19d",
        "\uc19f",
        "\uc1a1",
        "\uc1a5",
        "\uc1a8",
        "\uc1a9",
        "\uc1ac",
        "\uc1b0",
        "\uc1bd",
        "\uc1c4",
        "\uc1c8",
        "\uc1cc",
        "\uc1d4",
        "\uc1d7",
        "\uc1d8",
        "\uc1e0",
        "\uc1e4",
        "\uc1e8",
        "\uc1f0",
        "\uc1f1",
        "\uc1f3",
        "\uc1fc",
        "\uc1fd",
        "\uc200",
        "\uc204",
        "\uc20c",
        "\uc20d",
        "\uc20f",
        "\uc211",
        "\uc218",
        "\uc219",
        "\uc21c",
        "\uc21f",
        "\uc220",
        "\uc228",
        "\uc229",
        "\uc22b",
        "\uc22d",
        "\uc22f",
        "\uc231",
        "\uc232",
        "\uc234",
        "\uc248",
        "\uc250",
        "\uc251",
        "\uc254",
        "\uc258",
        "\uc260",
        "\uc265",
        "\uc26c",
        "\uc26d",
        "\uc270",
        "\uc274",
        "\uc27c",
        "\uc27d",
        "\uc27f",
        "\uc281",
        "\uc288",
        "\uc289",
        "\uc290",
        "\uc298",
        "\uc29b",
        "\uc29d",
        "\uc2a4",
        "\uc2a5",
        "\uc2a8",
        "\uc2ac",
        "\uc2ad",
        "\uc2b4",
        "\uc2b5",
        "\uc2b7",
        "\uc2b9",
        "\uc2dc",
        "\uc2dd",
        "\uc2e0",
        "\uc2e3",
        "\uc2e4",
        "\uc2eb",
        "\uc2ec",
        "\uc2ed",
        "\uc2ef",
        "\uc2f1",
        "\uc2f6",
        "\uc2f8",
        "\uc2f9",
        "\uc2fb",
        "\uc2fc",
        "\uc300",
        "\uc308",
        "\uc309",
        "\uc30c",
        "\uc30d",
        "\uc313",
        "\uc314",
        "\uc315",
        "\uc318",
        "\uc31c",
        "\uc324",
        "\uc325",
        "\uc328",
        "\uc329",
        "\uc345",
        "\uc368",
        "\uc369",
        "\uc36c",
        "\uc370",
        "\uc372",
        "\uc378",
        "\uc379",
        "\uc37c",
        "\uc37d",
        "\uc384",
        "\uc388",
        "\uc38c",
        "\uc3c0",
        "\uc3d8",
        "\uc3d9",
        "\uc3dc",
        "\uc3df",
        "\uc3e0",
        "\uc3e2",
        "\uc3e8",
        "\uc3e9",
        "\uc3ed",
        "\uc3f4",
        "\uc3f5",
        "\uc3f8",
        "\uc408",
        "\uc410",
        "\uc424",
        "\uc42c",
        "\uc430",
        "\uc434",
        "\uc43c",
        "\uc43d",
        "\uc448",
        "\uc464",
        "\uc465",
        "\uc468",
        "\uc46c",
        "\uc474",
        "\uc475",
        "\uc479",
        "\uc480",
        "\uc494",
        "\uc49c",
        "\uc4b8",
        "\uc4bc",
        "\uc4e9",
        "\uc4f0",
        "\uc4f1",
        "\uc4f4",
        "\uc4f8",
        "\uc4fa",
        "\uc4ff",
        "\uc500",
        "\uc501",
        "\uc50c",
        "\uc510",
        "\uc514",
        "\uc51c",
        "\uc528",
        "\uc529",
        "\uc52c",
        "\uc530",
        "\uc538",
        "\uc539",
        "\uc53b",
        "\uc53d",
        "\uc544",
        "\uc545",
        "\uc548",
        "\uc549",
        "\uc54a",
        "\uc54c",
        "\uc54d",
        "\uc54e",
        "\uc553",
        "\uc554",
        "\uc555",
        "\uc557",
        "\uc558",
        "\uc559",
        "\uc55d",
        "\uc55e",
        "\uc560",
        "\uc561",
        "\uc564",
        "\uc568",
        "\uc570",
        "\uc571",
        "\uc573",
        "\uc574",
        "\uc575",
        "\uc57c",
        "\uc57d",
        "\uc580",
        "\uc584",
        "\uc587",
        "\uc58c",
        "\uc58d",
        "\uc58f",
        "\uc591",
        "\uc595",
        "\uc597"
      ]
    },
    {
      "type": "bitmap",
      "file": "waiter_page_6.png",
      "ascent": 26,
      "height": 43,
      "chars": [
        "\uc598",
        "\uc59c",
        "\uc5a0",
        "\uc5a9",
        "\uc5b4",
        "\uc5b5",
        "\uc5b8",
        "\uc5b9",
        "\uc5bb",
        "\uc5bc",
        "\uc5bd",
        "\uc5be",
        "\uc5c4",
        "\uc5c5",
        "\uc5c6",
        "\uc5c7",
        "\uc5c8",
        "\uc5c9",
        "\uc5ca",
        "\uc5cc",
        "\uc5ce",
        "\uc5d0",
        "\uc5d1",
        "\uc5d4",
        "\uc5d8",
        "\uc5e0",
        "\uc5e1",
        "\uc5e3",
        "\uc5e5",
        "\uc5ec",
        "\uc5ed",
        "\uc5ee",
        "\uc5f0",
        "\uc5f4",
        "\uc5f6",
        "\uc5f7",
        "\uc5fc",
        "\uc5fd",
        "\uc5fe",
        "\uc5ff",
        "\uc600",
        "\uc601",
        "\uc605",
        "\uc606",
        "\uc607",
        "\uc608",
        "\uc60c",
        "\uc610",
        "\uc618",
        "\uc619",
        "\uc61b",
        "\uc61c",
        "\uc624",
        "\uc625",
        "\uc628",
        "\uc62c",
        "\uc62d",
        "\uc62e",
        "\uc630",
        "\uc633",
        "\uc634",
        "\uc635",
        "\uc637",
        "\uc639",
        "\uc63b",
        "\uc640",
        "\uc641",
        "\uc644",
        "\uc648",
        "\uc650",
        "\uc651",
        "\uc653",
        "\uc654",
        "\uc655",
        "\uc65c",
        "\uc65d",
        "\uc660",
        "\uc66c",
        "\uc66f",
        "\uc671",
        "\uc678",
        "\uc679",
        "\uc67c",
        "\uc680",
        "\uc688",
        "\uc689",
        "\uc68b",
        "\uc68d",
        "\uc694",
        "\uc695",
        "\uc698",
        "\uc69c",
        "\uc6a4",
        "\uc6a5",
        "\uc6a7",
        "\uc6a9",
        "\uc6b0",
        "\uc6b1",
        "\uc6b4",
        "\uc6b8",
        "\uc6b9",
        "\uc6ba",
        "\uc6c0",
        "\uc6c1",
        "\uc6c3",
        "\uc6c5",
        "\uc6cc",
        "\uc6cd",
        "\uc6d0",
        "\uc6d4",
        "\uc6dc",
        "\uc6dd",
        "\uc6e0",
        "\uc6e1",
        "\uc6e8",
        "\uc6e9",
        "\uc6ec",
        "\uc6f0",
        "\uc6f8",
        "\uc6f9",
        "\uc6fd",
        "\uc704",
        "\uc705",
        "\uc708",
        "\uc70c",
        "\uc714",
        "\uc715",
        "\uc717",
        "\uc719",
        "\uc720",
        "\uc721",
        "\uc724",
        "\uc728",
        "\uc730",
        "\uc731",
        "\uc733",
        "\uc735",
        "\uc737",
        "\uc73c",
        "\uc73d",
        "\uc740",
        "\uc744",
        "\uc74a",
        "\uc74c",
        "\uc74d",
        "\uc74f",
        "\uc751",
        "\uc752",
        "\uc753",
        "\uc754",
        "\uc755",
        "\uc756",
        "\uc757",
        "\uc758",
        "\uc75c",
        "\uc760",
        "\uc768",
        "\uc76b",
        "\uc774",
        "\uc775",
        "\uc778",
        "\uc77c",
        "\uc77d",
        "\uc77e",
        "\uc783",
        "\uc784",
        "\uc785",
        "\uc787",
        "\uc788",
        "\uc789",
        "\uc78a",
        "\uc78e",
        "\uc790",
        "\uc791",
        "\uc794",
        "\uc796",
        "\uc797",
        "\uc798",
        "\uc79a",
        "\uc7a0",
        "\uc7a1",
        "\uc7a3",
        "\uc7a4",
        "\uc7a5",
        "\uc7a6",
        "\uc7ac",
        "\uc7ad",
        "\uc7b0",
        "\uc7b4",
        "\uc7bc",
        "\uc7bd",
        "\uc7bf",
        "\uc7c0",
        "\uc7c1",
        "\uc7c8",
        "\uc7c9",
        "\uc7cc",
        "\uc7ce",
        "\uc7d0",
        "\uc7d8",
        "\uc7dd",
        "\uc7e4",
        "\uc7e8",
        "\uc7ec",
        "\uc800",
        "\uc801",
        "\uc804",
        "\uc808",
        "\uc80a",
        "\uc810",
        "\uc811",
        "\uc813",
        "\uc815",
        "\uc816",
        "\uc81c",
        "\uc81d",
        "\uc820",
        "\uc824",
        "\uc82c",
        "\uc82d",
        "\uc82f",
        "\uc831",
        "\uc838",
        "\uc83c",
        "\uc840",
        "\uc848",
        "\uc849",
        "\uc84c",
        "\uc84d",
        "\uc854",
        "\uc870",
        "\uc871",
        "\uc874",
        "\uc878",
        "\uc87a",
        "\uc880",
        "\uc881",
        "\uc883",
        "\uc885",
        "\uc886",
        "\uc887",
        "\uc88b",
        "\uc88c",
        "\uc88d",
        "\uc894",
        "\uc89d",
        "\uc89f",
        "\uc8a1",
        "\uc8a8",
        "\uc8bc",
        "\uc8bd",
        "\uc8c4",
        "\uc8c8",
        "\uc8cc",
        "\uc8d4",
        "\uc8d5"
      ]
    },
    {
      "type": "bitmap",
      "file": "waiter_page_7.png",
      "ascent": 26,
      "height": 43,
      "chars": [
        "\uc8d7",
        "\uc8d9",
        "\uc8e0",
        "\uc8e1",
        "\uc8e4",
        "\uc8f5",
        "\uc8fc",
        "\uc8fd",
        "\uc900",
        "\uc904",
        "\uc905",
        "\uc906",
        "\uc90c",
        "\uc90d",
        "\uc90f",
        "\uc911",
        "\uc918",
        "\uc92c",
        "\uc934",
        "\uc950",
        "\uc951",
        "\uc954",
        "\uc958",
        "\uc960",
        "\uc961",
        "\uc963",
        "\uc96c",
        "\uc970",
        "\uc974",
        "\uc97c",
        "\uc988",
        "\uc989",
        "\uc98c",
        "\uc990",
        "\uc998",
        "\uc999",
        "\uc99b",
        "\uc99d",
        "\uc9c0",
        "\uc9c1",
        "\uc9c4",
        "\uc9c7",
        "\uc9c8",
        "\uc9ca",
        "\uc9d0",
        "\uc9d1",
        "\uc9d3",
        "\uc9d5",
        "\uc9d6",
        "\uc9d9",
        "\uc9da",
        "\uc9dc",
        "\uc9dd",
        "\uc9e0",
        "\uc9e2",
        "\uc9e4",
        "\uc9e7",
        "\uc9ec",
        "\uc9ed",
        "\uc9ef",
        "\uc9f0",
        "\uc9f1",
        "\uc9f8",
        "\uc9f9",
        "\uc9fc",
        "\uca00",
        "\uca08",
        "\uca09",
        "\uca0b",
        "\uca0c",
        "\uca0d",
        "\uca14",
        "\uca18",
        "\uca29",
        "\uca4c",
        "\uca4d",
        "\uca50",
        "\uca54",
        "\uca5c",
        "\uca5d",
        "\uca5f",
        "\uca60",
        "\uca61",
        "\uca68",
        "\uca7d",
        "\uca84",
        "\uca98",
        "\ucabc",
        "\ucabd",
        "\ucac0",
        "\ucac4",
        "\ucacc",
        "\ucacd",
        "\ucacf",
        "\ucad1",
        "\ucad3",
        "\ucad8",
        "\ucad9",
        "\ucae0",
        "\ucaec",
        "\ucaf4",
        "\ucb08",
        "\ucb10",
        "\ucb14",
        "\ucb18",
        "\ucb20",
        "\ucb21",
        "\ucb41",
        "\ucb48",
        "\ucb49",
        "\ucb4c",
        "\ucb50",
        "\ucb58",
        "\ucb59",
        "\ucb5d",
        "\ucb64",
        "\ucb78",
        "\ucb79",
        "\ucb9c",
        "\ucbb8",
        "\ucbd4",
        "\ucbe4",
        "\ucbe7",
        "\ucbe9",
        "\ucc0c",
        "\ucc0d",
        "\ucc10",
        "\ucc14",
        "\ucc1c",
        "\ucc1d",
        "\ucc21",
        "\ucc22",
        "\ucc27",
        "\ucc28",
        "\ucc29",
        "\ucc2c",
        "\ucc2e",
        "\ucc30",
        "\ucc38",
        "\ucc39",
        "\ucc3b",
        "\ucc3c",
        "\ucc3d",
        "\ucc3e",
        "\ucc44",
        "\ucc45",
        "\ucc48",
        "\ucc4c",
        "\ucc54",
        "\ucc55",
        "\ucc57",
        "\ucc58",
        "\ucc59",
        "\ucc60",
        "\ucc64",
        "\ucc66",
        "\ucc68",
        "\ucc70",
        "\ucc75",
        "\ucc98",
        "\ucc99",
        "\ucc9c",
        "\ucca0",
        "\ucca8",
        "\ucca9",
        "\uccab",
        "\uccac",
        "\uccad",
        "\uccb4",
        "\uccb5",
        "\uccb8",
        "\uccbc",
        "\uccc4",
        "\uccc5",
        "\uccc7",
        "\uccc9",
        "\uccd0",
        "\uccd4",
        "\ucce4",
        "\uccec",
        "\uccf0",
        "\ucd01",
        "\ucd08",
        "\ucd09",
        "\ucd0c",
        "\ucd10",
        "\ucd18",
        "\ucd19",
        "\ucd1b",
        "\ucd1d",
        "\ucd24",
        "\ucd28",
        "\ucd2c",
        "\ucd39",
        "\ucd5c",
        "\ucd60",
        "\ucd64",
        "\ucd6c",
        "\ucd6d",
        "\ucd6f",
        "\ucd71",
        "\ucd78",
        "\ucd88",
        "\ucd94",
        "\ucd95",
        "\ucd98",
        "\ucd9c",
        "\ucda4",
        "\ucda5",
        "\ucda7",
        "\ucda9",
        "\ucdb0",
        "\ucdc4",
        "\ucdcc",
        "\ucdd0",
        "\ucde8",
        "\ucdec",
        "\ucdf0",
        "\ucdf8",
        "\ucdf9",
        "\ucdfb",
        "\ucdfd",
        "\uce04",
        "\uce08",
        "\uce0c",
        "\uce14",
        "\uce19",
        "\uce20",
        "\uce21",
        "\uce24",
        "\uce28",
        "\uce30",
        "\uce31",
        "\uce33",
        "\uce35",
        "\uce58",
        "\uce59",
        "\uce5c",
        "\uce5f",
        "\uce60",
        "\uce61",
        "\uce68",
        "\uce69",
        "\uce6b",
        "\uce6d",
        "\uce74",
        "\uce75",
        "\uce78",
        "\uce7c",
        "\uce84",
        "\uce85",
        "\uce87",
        "\uce89",
        "\uce90",
        "\uce91",
        "\uce94"
      ]
    },
    {
      "type": "bitmap",
      "file": "waiter_page_8.png",
      "ascent": 26,
      "height": 43,
      "chars": [
        "\uce98",
        "\ucea0",
        "\ucea1",
        "\ucea3",
        "\ucea4",
        "\ucea5",
        "\uceac",
        "\ucead",
        "\ucec1",
        "\ucee4",
        "\ucee5",
        "\ucee8",
        "\uceeb",
        "\uceec",
        "\ucef4",
        "\ucef5",
        "\ucef7",
        "\ucef8",
        "\ucef9",
        "\ucf00",
        "\ucf01",
        "\ucf04",
        "\ucf08",
        "\ucf10",
        "\ucf11",
        "\ucf13",
        "\ucf15",
        "\ucf1c",
        "\ucf20",
        "\ucf24",
        "\ucf2c",
        "\ucf2d",
        "\ucf2f",
        "\ucf30",
        "\ucf31",
        "\ucf38",
        "\ucf54",
        "\ucf55",
        "\ucf58",
        "\ucf5c",
        "\ucf64",
        "\ucf65",
        "\ucf67",
        "\ucf69",
        "\ucf70",
        "\ucf71",
        "\ucf74",
        "\ucf78",
        "\ucf80",
        "\ucf85",
        "\ucf8c",
        "\ucfa1",
        "\ucfa8",
        "\ucfb0",
        "\ucfc4",
        "\ucfe0",
        "\ucfe1",
        "\ucfe4",
        "\ucfe8",
        "\ucff0",
        "\ucff1",
        "\ucff3",
        "\ucff5",
        "\ucffc",
        "\ud000",
        "\ud004",
        "\ud011",
        "\ud018",
        "\ud02d",
        "\ud034",
        "\ud035",
        "\ud038",
        "\ud03c",
        "\ud044",
        "\ud045",
        "\ud047",
        "\ud049",
        "\ud050",
        "\ud054",
        "\ud058",
        "\ud060",
        "\ud06c",
        "\ud06d",
        "\ud070",
        "\ud074",
        "\ud07c",
        "\ud07d",
        "\ud081",
        "\ud0a4",
        "\ud0a5",
        "\ud0a8",
        "\ud0ac",
        "\ud0b4",
        "\ud0b5",
        "\ud0b7",
        "\ud0b9",
        "\ud0c0",
        "\ud0c1",
        "\ud0c4",
        "\ud0c8",
        "\ud0c9",
        "\ud0d0",
        "\ud0d1",
        "\ud0d3",
        "\ud0d4",
        "\ud0d5",
        "\ud0dc",
        "\ud0dd",
        "\ud0e0",
        "\ud0e4",
        "\ud0ec",
        "\ud0ed",
        "\ud0ef",
        "\ud0f0",
        "\ud0f1",
        "\ud0f8",
        "\ud10d",
        "\ud130",
        "\ud131",
        "\ud134",
        "\ud138",
        "\ud13a",
        "\ud140",
        "\ud141",
        "\ud143",
        "\ud144",
        "\ud145",
        "\ud14c",
        "\ud14d",
        "\ud150",
        "\ud154",
        "\ud15c",
        "\ud15d",
        "\ud15f",
        "\ud161",
        "\ud168",
        "\ud16c",
        "\ud17c",
        "\ud184",
        "\ud188",
        "\ud1a0",
        "\ud1a1",
        "\ud1a4",
        "\ud1a8",
        "\ud1b0",
        "\ud1b1",
        "\ud1b3",
        "\ud1b5",
        "\ud1ba",
        "\ud1bc",
        "\ud1c0",
        "\ud1d8",
        "\ud1f4",
        "\ud1f8",
        "\ud207",
        "\ud209",
        "\ud210",
        "\ud22c",
        "\ud22d",
        "\ud230",
        "\ud234",
        "\ud23c",
        "\ud23d",
        "\ud23f",
        "\ud241",
        "\ud248",
        "\ud25c",
        "\ud264",
        "\ud280",
        "\ud281",
        "\ud284",
        "\ud288",
        "\ud290",
        "\ud291",
        "\ud295",
        "\ud29c",
        "\ud2a0",
        "\ud2a4",
        "\ud2ac",
        "\ud2b1",
        "\ud2b8",
        "\ud2b9",
        "\ud2bc",
        "\ud2bf",
        "\ud2c0",
        "\ud2c2",
        "\ud2c8",
        "\ud2c9",
        "\ud2cb",
        "\ud2d4",
        "\ud2d8",
        "\ud2dc",
        "\ud2e4",
        "\ud2e5",
        "\ud2f0",
        "\ud2f1",
        "\ud2f4",
        "\ud2f8",
        "\ud300",
        "\ud301",
        "\ud303",
        "\ud305",
        "\ud30c",
        "\ud30d",
        "\ud30e",
        "\ud310",
        "\ud314",
        "\ud316",
        "\ud31c",
        "\ud31d",
        "\ud31f",
        "\ud320",
        "\ud321",
        "\ud325",
        "\ud328",
        "\ud329",
        "\ud32c",
        "\ud330",
        "\ud338",
        "\ud339",
        "\ud33b",
        "\ud33c",
        "\ud33d",
        "\ud344",
        "\ud345",
        "\ud37c",
        "\ud37d",
        "\ud380",
        "\ud384",
        "\ud38c",
        "\ud38d",
        "\ud38f",
        "\ud390",
        "\ud391",
        "\ud398",
        "\ud399",
        "\ud39c",
        "\ud3a0",
        "\ud3a8",
        "\ud3a9",
        "\ud3ab",
        "\ud3ad",
        "\ud3b4",
        "\ud3b8",
        "\ud3bc",
        "\ud3c4",
        "\ud3c5",
        "\ud3c8",
        "\ud3c9",
        "\ud3d0",
        "\ud3d8",
        "\ud3e1",
        "\ud3e3",
        "\ud3ec",
        "\ud3ed",
        "\ud3f0"
      ]
    },
    {
      "type": "bitmap",
      "file": "waiter_page_9.png",
      "ascent": 26,
      "height": 43,
      "chars": [
        "\ud3f4",
        "\ud3fc",
        "\ud3fd",
        "\ud3ff",
        "\ud401",
        "\ud408",
        "\ud41d",
        "\ud440",
        "\ud444",
        "\ud45c",
        "\ud460",
        "\ud464",
        "\ud46d",
        "\ud46f",
        "\ud478",
        "\ud479",
        "\ud47c",
        "\ud47f",
        "\ud480",
        "\ud482",
        "\ud488",
        "\ud489",
        "\ud48b",
        "\ud48d",
        "\ud494",
        "\ud4a9",
        "\ud4cc",
        "\ud4d0",
        "\ud4d4",
        "\ud4dc",
        "\ud4df",
        "\ud4e8",
        "\ud4ec",
        "\ud4f0",
        "\ud4f8",
        "\ud4fb",
        "\ud4fd",
        "\ud504",
        "\ud508",
        "\ud50c",
        "\ud514",
        "\ud515",
        "\ud517",
        "\ud53c",
        "\ud53d",
        "\ud540",
        "\ud544",
        "\ud54c",
        "\ud54d",
        "\ud54f",
        "\ud551",
        "\ud558",
        "\ud559",
        "\ud55c",
        "\ud560",
        "\ud565",
        "\ud568",
        "\ud569",
        "\ud56b",
        "\ud56d",
        "\ud574",
        "\ud575",
        "\ud578",
        "\ud57c",
        "\ud584",
        "\ud585",
        "\ud587",
        "\ud588",
        "\ud589",
        "\ud590",
        "\ud5a5",
        "\ud5c8",
        "\ud5c9",
        "\ud5cc",
        "\ud5d0",
        "\ud5d2",
        "\ud5d8",
        "\ud5d9",
        "\ud5db",
        "\ud5dd",
        "\ud5e4",
        "\ud5e5",
        "\ud5e8",
        "\ud5ec",
        "\ud5f4",
        "\ud5f5",
        "\ud5f7",
        "\ud5f9",
        "\ud600",
        "\ud601",
        "\ud604",
        "\ud608",
        "\ud610",
        "\ud611",
        "\ud613",
        "\ud614",
        "\ud615",
        "\ud61c",
        "\ud620",
        "\ud624",
        "\ud62d",
        "\ud638",
        "\ud639",
        "\ud63c",
        "\ud640",
        "\ud645",
        "\ud648",
        "\ud649",
        "\ud64b",
        "\ud64d",
        "\ud651",
        "\ud654",
        "\ud655",
        "\ud658",
        "\ud65c",
        "\ud667",
        "\ud669",
        "\ud670",
        "\ud671",
        "\ud674",
        "\ud683",
        "\ud685",
        "\ud68c",
        "\ud68d",
        "\ud690",
        "\ud694",
        "\ud69d",
        "\ud69f",
        "\ud6a1",
        "\ud6a8",
        "\ud6ac",
        "\ud6b0",
        "\ud6b9",
        "\ud6bb",
        "\ud6c4",
        "\ud6c5",
        "\ud6c8",
        "\ud6cc",
        "\ud6d1",
        "\ud6d4",
        "\ud6d7",
        "\ud6d9",
        "\ud6e0",
        "\ud6e4",
        "\ud6e8",
        "\ud6f0",
        "\ud6f5",
        "\ud6fc",
        "\ud6fd",
        "\ud700",
        "\ud704",
        "\ud711",
        "\ud718",
        "\ud719",
        "\ud71c",
        "\ud720",
        "\ud728",
        "\ud729",
        "\ud72b",
        "\ud72d",
        "\ud734",
        "\ud735",
        "\ud738",
        "\ud73c",
        "\ud744",
        "\ud747",
        "\ud749",
        "\ud750",
        "\ud751",
        "\ud754",
        "\ud756",
        "\ud757",
        "\ud758",
        "\ud759",
        "\ud760",
        "\ud761",
        "\ud763",
        "\ud765",
        "\ud769",
        "\ud76c",
        "\ud770",
        "\ud774",
        "\ud77c",
        "\ud77d",
        "\ud781",
        "\ud788",
        "\ud789",
        "\ud78c",
        "\ud790",
        "\ud798",
        "\ud799",
        "\ud79b",
        "\ud79d",
        "\n"
      ]
    }
  ]
}