{
    "providers": [
      {
        "type": "bitmap",
        "file": "ac:font/debug.png",
        "ascent": 64,
        "height": 128,
        "chars": [
          "\ue000"
        ]
      },
      {
        "type": "bitmap",
        "file": "ac:font/debug_white.png",
        "ascent": 64,
        "height": 128,
        "chars": [
          "\ue001"
        ]
      },
      {
        "type": "bitmap",
        "file": "ac:font/startup.png",
        "ascent": 64,
        "height": 128,
        "chars": [
          "\ue002"
        ]
      },
      {
        "type": "bitmap",
        "file": "ac:font/startup_white.png",
        "ascent": 64,
        "height": 128,
        "chars": [
          "\ue003"
        ]
      }
    ]
  }
